SELECT YOUR VEHICLE,اختر سيارتك
Select Make,اختر النوع
Select Model,اختر الموديل
Select Year,اختر السنة
GMC,جي ام سي
Jeep,جيب
Ford,فورد
Toyota,تويوتا
Chevy,شيفروليه
Dodge Ram,دودج رام
Nissan,نيسان‬
Sierra 1500,سييرا 1500
Silverado 1500,سيلفرادو 1500
Wrangler JK 2-Door,رانجلر بابين
Wrangler Unlimited JK 4-Door,رانجلر أربع أبواب
Wrangler JL 2-Door,جيب رانجلر JL بابين
Wrangler Unlimited JL 4-Door,جيب رانجلر JL 4 أبواب
F-150,اف-150
SVT Raptor,رابتر
FJ Cruiser,اف جي كروزر
TUNDRA,تندرا
Ram 1500,رام 1500‬‎
Patrol,باترول
Land Cruiser,لاند كروزر
or previously selected vehicles,مركبات تم اختيارها سابقاً
Clear selected vehicle,الغاء السيارة المختارة
Select Vehicle,اختر السيارة
"Search for products, categories",البحث عن المنتجات ، الفئات
Search,بحث
Special Offers!,عروض خاصة
Shop Now,اشتر الآن
POPULAR,أشهر
BRANDS,الماركات
View All,عرض الكل
MODELS,الموديل
SHOP BY CATEGORY,تسوق حسب الاقسام
NEW,جديد
DEAL,صفقة
GREAT DEALS,صفقات كبيرة
SPECIAL OFFERS,عروض خاصة
view all offers,عرض جميع العروض
NEW ARRIVALS,وصل حديثا
OUR BEST SELLERS,الاكثر مبيعا
Shop popular stuff for all,اشترالسلع الاكتر تداولا
shop now,اشتر الآن
OUR COMBO PRODUCTS,أطقم
View our products,عرض منتجاتنا
view products,عرض المنتجات
Sign Up for Our Newsletter:,سجل للحصول على آخر العروض
We will sent you only important updates upon products you may like,سوف نرسل لك فقط التحديثات الهامة على المنتجات التي قد ترغب بها
Subscribe,الاشتراك
Categories,الاقسام
Enter your email address,أدخل عنوان بريدك الالكتروني
POPULAR ITEMS,المنتجات الاكثر تداولا
MOST VIEWED,الأكثر مشاهدة
MOST RATED,الأكثر تقييما
Go to Home Page,اذهب إلى الصفحة الرئيسية
Home,الصفحة الرئيسية
SKU,SKU
Excl. Tax,غير شامل. ضريبة
VEHICLE FITMENT,إعداد السيارة
Universal Product,منتج عام
This product fits,هذا المنتج يناسب
View all compatible Vehicles,عرض جميع المركبات المتوافقة
Sorry! This product doesn‘t fit,آسف! هذا المنتج غير مناسب
Select A Compatible Vehicle,اختر مركبة متوافقة
Add to Cart,أضف إلى السلة
Fits These Vehicles,يناسب هذه المركبات
Compatible Vehicles,مركبات متوافقة
In stock,في المخزون
Out of stock,غير متوفر بالمخزون
Details,تفاصيل
Show only products that fit,عرض المنتجات التي تناسب فقط
Uncheck to show all products in this category,قم بإلغاء التحديد لعرض كل المنتجات في هذه الفئة
Bundle,حزمة
Search results for: '%1',نتائج البحث عن: '%1'
All,الكل
None,لا شئ
Allowed Scopes,النطاقات المسموح بها
You need more permissions to delete this item(s): %1.,تحتاج إلى مزيد من الصلاحيات لحذف هذا العنصر (عناصر): %1.
You need more permissions to apply some of the rule updates.,تحتاج إلى مزيد من الصلاحيات لتطبيق بعض تحديثات القاعدة.
Please assign this entity to a store view.,الرجاء ربط هذا الكيان بطريقة عرض متجر.
You can create orders only in an active store.,يمكنك إنشاء طلبات فقط في المتجر النشط.
Please assign this item to a store view.,الرجاء ربط هذا العنصر إلى طريقة عرض متجر.
You need more permissions to save this item.,تحتاج إلى مزيد من الصلاحيات لحفظ هذا العنصر.
You need more permissions to delete this item.,تحتاج إلى مزيد من الصلاحيات لحذف هذا العنصر.
You need more permissions to view this item.,تحتاج إلى مزيد من الصلاحيات لعرض هذا العنصر.
Please specify at least one website or one store group.,الرجاء تحديد موقع واحد على الأقل أو مجموعة متاجر واحدة.
You need more permissions to set All Scopes to a Role.,تحتاج لسماحية اكثر لتعيين كافة النطاقات الى واحد من الادوار.
Incorrect website ID: %1,معرف الموقع غير صحيح: %1
"You need more permissions to access website ""%1"".","تحتاج لمزيد من الصلاحيات للوصول إلى الموقع ""%1""."
Incorrect store ID: %1,معرف المتجر غير صحيح: %1
You need more permissions to save this setting.,تحتاج إلى مزيد من الصلاحيات لحفظ هذا الإعداد.
Role Scopes,نطاقات الدور
Custom,مخصص
"You don't have permissions to save this item in scope of current store view. Please, switch to allowed store view",ليس لديك الصلاحيات اللازمة لحفظ هذا العنصر في نطاق المتجر الحالي. رجاء، قم بالتبديل إلى المتجر المسموح لك بالتعديل عليه
Read Details,قراءة التفاصيل
Mark as Read,تعيين كمقروء
Are you sure?,هل أنت متأكد؟
Remove,ازالة
Messages Inbox,رسائل علبة الوارد
You have %1 new system messages,لديك %1 من رسائل النظام الجديدة
You have %1 new system message,لديك %1 رسالة نظام جديدة
Incoming Message,رسالة واردة
close,إغلاق
Notifications,اشعارات
The message has been marked as Read.,تم وضع علامة مقروءة على الرسالة.
We couldn't mark the notification as Read because of an error.,بسبب خطأ ما لم يتم وضع علامة قراءة الاشعار.
Please select messages.,الرجاء تحديد الرسائل.
A total of %1 record(s) have been marked as Read.,لقد تم وضع علامة مقروء على %1 من المحفوظات.
Total of %1 record(s) have been removed.,لقد تم ازالة 1% من المحفوظات.
We couldn't remove the messages because of an error.,لم يتم ازالة الرسائل بسبب حدوث خطأ.
The message has been removed.,تم حذف الرسالة.
1 Hour,ساعة واحدة
2 Hours,ساعتان
6 Hours,6 ساعات
12 Hours,12 ساعة
24 Hours,24 ساعة
critical,حرج
major,مهم
minor,ثانوي
notice,إشعار
Wrong message type,نوع رسالة خاطئ
Wrong notification ID specified.,معرف الإشعار المحدد خاطئ.
"{{base_url}} is not recommended to use in a production environment to declare the Base Unsecure URL / Base Secure URL. We highly recommend changing this value in your Magento <a href=""%1"">configuration</a>.","لا ينصح باستخدام {{base_url}} في بيئة الإنتاج لتوضيح Unsecure ' 'URL / Base Secure URL. نوصي بشدة بتغيير هذه القيمة في ماجنتو الخاص بك ' '<a href=""%1"">configuration</a>."
One or more of the Cache Types are invalidated: %1.,"تم ابطال واحد أو أكثر من ""أنواع ذاكرة التخزين المؤقت"": %1."
"Please go to <a href=""%1"">Cache Management</a> and refresh cache types.","الرجاء الانتقال إلى <a href=""%1""> إدارة ذاكرة التخزين المؤقت</a> واعدة تنشيطها."
We were unable to synchronize one or more media files. Please refer to the log file for details.,لم نستطع موافقة واحد أو أكثر من ملفات الوسائط. الرجاء الرجوع إلى ملف السجل للحصول على التفاصيل.
Synchronization of media storages has been completed.,اكتملت مواففة وسائط التخزين.
Your web server is set up incorrectly and allows unauthorized access to sensitive files. Please contact your hosting provider.,قاعدة بيانات الأنترنت الخاصة بك معدة بشكل غير صحيح، وتسمح بدخول غير المصرح به إلى الملفات الحساسة. الرجاء الاتصال بموفر خدمة الاستضافة.
System Messages:,رسائل النظام:
Critical System Messages,رسائل النظام خطيرة
Major System Messages,رسائل النظام مهمة
System messages,رسائل النظام
Close,غلق
See All (,انظر (جميع
"unread),غير مقروء)""",
Show Toolbar,إظهار شريط الأدوات
Show List,إظهار القائمة
Use HTTPS to Get Feed,استخدام HTTPS للحصول على تغذية
Update Frequency,تردد التحديث
Last Update,آخر تحديث
Severity,خطورة
Date Added,اضافة تاريخ
Message,رسالة
Actions,اعمال
You have viewed and resolved all recent system notices. Please refresh the web page to clear the notice alert.,لقد قمت برؤية جميع إشعارات النظام الأخيرة وحلها. يرجى تحديث صفحة الويب لمسح تنبيه الإشعار.
Manage Shopping Cart,إدارة سلة التسوق
Create Order,إنشاء طلب
Back,رجوع
Add Products,إضافة منتجات
Update Items and Quantities,تحديث الأصناف والكميات
Are you sure you want to clear your cart?,هل أنت متأكد من أنك تريد إفراغ عربة التسوق؟
Clear my shopping cart,إفراغ سلة التسوق
Add selections to my cart,إضافة الخيارات للسلة
Cancel,إلغاء
Shopping Cart for %1 in %2,سلة التسوق ل %1 في %2
Select products you want to buy,اخترالمنتجات التي تريد شراءها
Product,المنتج
Price,السعر
Quantity,الكمية
Products in the Comparison List (%1),المنتجات في قائمة المقارنة (%1)
Last ordered items (%1),آخر الأصناف المطلوبة (%1)
Products,المنتجات
ID,التعريف
SKU,SKU
Recently Compared Products (%1),آخر المنتجات المقارنة  (%1)
Recently Viewed Products (%1),آخر  المنتجات المشاهدة(%1)
Add to Shopping Cart by SKU,إضافة إلى عربة التسوق حسب الـ SKU
Add to Shopping Cart,اضف إلى سلة التسوق
Wish List (%1),قائمة الأمنيات (1%)
Apply,تطبيق
Configure,ضبط
Add to Order by SKU,إضافة إلى الطلبات حسب الـ SKU
Add to Order,إضافة إلى الطلب
Add Products to Order,إضافة المنتجات إلى الطلب
"<span><span id=""sku-attention-num"">%1</span> product(s) require attention.</span>","<span><span id=""sku-attention-num"">%1</span> المنتجات تتطلب عناية.</span>"
Remove All,حذف الجميع
Only %1%2%3 left in stock,تبقى فقط %1%2%3  في المخزون
You can buy up to %1 of these per purchase.,يمكنك شراء بنسبة تصل إلى %1 من هذه المنتجات لكل عملية شراء.
You must buy at least %1 of these per purchase.,يجب عليك شراء على الأقل %1 من هذه المنتجات لكل عملية شراء.
Specify the product's options.,قم بتحديد خيارات المنتج.
Alert me when this item is available.,تنبيهي عندما يتوفر هذا العنصر.
We can't find this customer.,هذا العميل غير موجود.
Shopping cart management is disabled for this customer.,إدارة سلة التسوق لهذا الزبون غير مفعلة.
We can't find this store.,هذا المتجر غير موجود.
Customers,العملاء
Shopping Cart,سلة التسوق
"Sorry, something went wrong. You can find out more in the error log.",نأسف، حدث خطأ. يمكنك العثور على مزيد من المعلومات في سجل الخطأ.
You do not have access to this.,لا تملك الصلاحية للدخول.
Ordered item id is not received.,لم يتم استلام التعريف الخاص بالمنتج المطلوب.
Ordered item is not loaded.,لم يتم تحميل الصنف المطلوب.
Quote item id is not received.,لم يتم استلام معرف قيمة العنصر.
Quote item is not loaded.,لم يتم تحميل قيمة العنصر.
The wish list item id is not received.,لم يتم استلام معرف عنصر قائمة الأمنيات.
The wish list item is not loaded.,لم يتم تحميل عنصر قائمة الأمنيات.
An error has occurred. See error log for details.,لقد حدث خطأ. راجع سجل الأخطاء للحصول على التفاصيل.
You cannot configure a product.,لا يمكنك تكوين منتج.
You removed the items.,قمت بإزالة العناصر.
You removed the item.,قمت بإزالة العنصر.
You added %1 to your shopping cart.,تمت إضافة %1 إلى عربة التسوق.
You cannot add a product.,لا يمكنك إضافة منتج.
Order by SKU,الطلب بواسطة رمز ال SKU
The SKU was not found in the catalog.,The SKU was not found in the catalog.
Availability: Out of stock.,متوفر بالمخزن: لا.
We don't have as many of these as you want.,الكمية التي تريدها غير متوفرة.
You can't add this many to your cart.,لا يمكنك إضافة هذه الكمية إلى عربة التسوق الخاصة بك.
You need to choose options for your item.,تحتاج إلى تحديد خيارات هذا المنتج.
We can't add the item to your cart.,لا يمكن إضافة العنصر إلى عربة التسوق الخاصة بك.
"Please enter an actual number in the ""Qty"" field.","الرجاء إدخال رقم صحيح في حقل ""الكمية""."
This product is assigned to another website.,تم تعيين هذا المنتج في موقع الكتروني آخر.
You can add only enabled products.,يمكنك إضافة منتجات مخولة فقط.
You cannot upload this file.,لا يمكن تحميل هذا الملف.
The file is empty.,الملف فارغ.
"You have not entered a product SKU. Please <a href=""%1"">click here</a> to add product(s) by SKU.","لم تقم بإدخال رمز SKU للمنتج. الرجاء <a href=""%1""> انقر هنا</a> لإضافة المنتج من خلال رمز ال SKU."
You have not entered a product SKU.,لم تقم بإدخال رمز SKU للمنتج.
"We can't add a product to cart by id ""%1"".","لا يمكنك إضافة منتج إلى سلة التسوق من خلال رمز التعريف ""%1""."
Something went wrong while reordering this product.,حدث خطأ أثناء إعادة طلب هذا المنتج.
We can't find this wish list.,لا يمكننا ايجاد قائمة الامنيات هذه.
You added %1 product to your shopping cart.,تمت إضافة %1 منتج إلى عربة التسوق.
You added %1 products to your shopping cart.,تمت إضافة %1 منتجات إلى عربة التسوق.
%1 product requires your attention.,المنتج %1 يتطلب الاهتمام الخاص بك.
%1 products require your attention.,المنتج %1 يتطلب الاهتمام الخاص بك.
"Yes, for Specified Customer Groups",نعم، بالنسبة لمجموعات العميل المحددة
"Yes, for Everyone",نعم، بالنسبة للجميع
No,لا
The file is corrupt.,أن الملف معطوب.
Please upload the file in .csv format.,الرجاء تحميل ملف بتنسيق.csv.
%1 item(s) need your attention.,%1 العنصر (العناصر) بحاجة إلى الاهتمام الخاص بك.
Apply Coupon Code,تطبيق رمز قسيمة الخصم
Remove Coupon Code,إزالة رمز قسيمة الخصم
Remove,ازالة
"The coupon code ""%1"" is not valid.","رمز قسيمة الخصم""%1"" غير صحيح."
Shopping Cart Items,عناصر سلة التسوق
Qty,الكميّة
Subtotal,الإجمالي
Discount,خصم
Row Subtotal,إجمالي الصف
Action,إجراء
No ordered items,لامنتجات مطلوبة
Total %1 product(s),%1 إجمالي المنتج (المنتجات)
Subtotal:,الاجمالي
Please select,أختر من فضلك
Move to Wish List,الانتقال إلى قائمة الامنيات
No item specified.,لا عنصر المحدد.
Are you sure you want to remove this item?,هل أنت متأكد أنك تريد حذف هذا العنصر؟
SKU number,رقم  المنتج
Upload File,رفع ملف
"Your csv file must include ""sku"" and ""qty"" columns.","يجب أن يتضمن ملف csv الأعمدة ""رمز المنتج"" و ""الكمية""."
Reset,إعادة ضبط
SKU:,رمز المنتج:
"Only <span id=""%1_max_allowed"">%2</span> in stock","فقط <span id=""%1_max_allowed"">%2</span> في المخزون"
Item,سلعة
See price before order confirmation.,انظر السعر قبل تأكيد الطلب.
What's this?,ما هذا؟
Incl. Tax,شامل الضريبة
Excl. Tax,غير شامل الضريبة
Edit item parameters,تعديل خصائص المنتج
Edit,تعديل
Remove item,أزل المنتج
Products Requiring Attention,المنتجات التي تحتاج إلى اهتمام
Add to Cart,أضف لسلة التسوق
Sku,رمز المنتج
File,ملف
File extensions allowed: .csv,ملحقات الملفات المسموحة : csv
Add Row,إضافة صف
Remove Row,إزالة صف
Add Products By SKU,أضف المنتجات من خلال رمز المنتج
Shopping Cart Management,إدارة سلة التسوق
View Shopping Cart,عرض سلة التسوق
View and modify Shopping Cart,عرض وتعديل سلة التسوق
Order by SKU Settings,الترتيب حسب إعدادات رمز المنتج
Enable Order by SKU on My Account in Storefront,تمكين النظام بواسطة رمز المنتج على حسابي في الواجهة
Customer Groups,مجموعات العملاء
Apply Coupon,استخدام كوبون
Order by SKU Description,الترتيب حسب وصف رمز المنتج
Display a Link to Loading a Spreadsheet,عرض ارتباط لتحميل جدول البيانات
Defines whether a link to My Account &gt; Order by SKU page will be displayed on the widget,يحدد ما إذا كان ارتباط إلى حسابي &gt; سيتم عرض الطلب بواسطة صفحة رمز المنتج على widget
Link Text,نص الارتباط
The text of the link to the My Account &gt; Order by SKU page,"نص الارتباط ""الحساب الخاص بي"" &gt; الترتيب حسب صفحة رمز المنتج"
Load a list of SKUs,تحميل قائمة بوحدات رمز المنتج
Order by SKU Template,الطلب بواسطة قالب رمز المنتج
Please correct the data sent.,الرجاء تصحيح البيانات التي تم إرسالها.
Entity type model '%1' is not found,نموذج الكيان '%1' غير موجود
Entity type model must be an instance of \Magento\CatalogImportExport\Model\Export\Product\Type\AbstractType,Entity type model must be an instance of \Magento\CatalogImportExport\Model\Export\Product\Type\AbstractType
There are no product types available for export,لا تتوفر أي من أنواع المنتجات للتصدير
%1 class doesn't implement \Magento\AdvancedRule\Model\Condition\FilterTextGeneratorInterface,%1 class doesn't implement \Magento\AdvancedRule\Model\Condition\FilterTextGeneratorInterface
Sales Rule,قاعدة المبيعات
Index sales rule,فهرس قاعدة المبيعات
Related Search Terms,شروط البحث المرتبطة
Add New Search Term,اضف كلمة بحث جديدة
button_label,تسمية الزر
Missing search engine parameter.,متغير محرك البحث مفقود.
Successful! Test again?,ناجح! الاختبار مرة أخرى؟
Connection failed! Test again?,فشل في الإتصال! اختبار مرة أخرى؟
Enable Search Recommendations,تمكين البحث عن التوصيات
When you enable this option your site may slow down.,عند تمكين هذا الخيار قد تبطئ موقع الويب الخاص بك.
Search Recommendations Count,عدد توصيات البحث
Show Results Count for Each Recommendation,إظهار عدد النتائج لكل توصية من التوصيات
Enable Search Suggestions,تمكين اقتراحات البحث
Search Suggestions Count,عد اقتراحات البحث
Show Results Count for Each Suggestion,إظهار عدد النتائج لكل اقتراح
Related search terms,مصطلحات البحث ذات الصلة
Did you mean,هل تقصد
ID,التعريف
Search Query,استفسار البحث
Store,متجر
Results,نتائج
Uses,يستخدم
Redirect URL,اعادة توجيه الموقع
Suggested Term,الاختصاصات المقترحة
Yes,نعم
No,لا
Action,إجراء
Edit,تعديل
"RPC call failed, connection timed out after %time_out.",فشل استدعاء RPC، مهلة الاتصال بعد %time_out.
Message has been rejected: %1,تم رفض الرسالة: %1
Error while checking if topic is synchronous,حدث خطأ أثناء التحقق من إذا كان الموضوع متزامن
Subscription status,حالة الاشتراك
"Sorry, there has been an error processing your request. Please try again later.",عذراً، حدث خطأ أثناء معالجة طلبك. الرجاء المحاولة مرة أخرى لاحقاً.
"Sorry, there was an error processing your registration request to Magento Analytics. Please try again later.","Sorry, there was an error processing your registration request to Magento Analytics. Please try again later."
Error occurred during postponement notification,Error occurred during postponement notification
Time value has an unsupported format,تنسيق الوقت غير مدعوم
Cron settings can't be saved,لا يمكن حفظ إعدادات كرون Cron
There was an error save new configuration value.,حدث خطأ أثناء حفظ قيمة الإعداد الجديد.
Please select a vertical.,الرجاء حدد العمود.
--Please Select--,--أختر من فضلك--
Command was not found.,لم يتم العثور على الأمر.
Input data must be string or convertible into string.,يجب أن تكون البيانات المدخلة سلسلة أو قابلة للتحويل إلى سلسلة string.
Input data must be non-empty string.,يجب أن لا تكون البيانات المدخلة عبارة عن سلسلة فارغة.
Not valid cipher method.,طريقة التشفير غير صالحة.
Encryption key can't be empty.,لا يمكن ترك مفتاح التشفير فارغاً.
"Source ""%1"" is not exist","المصدر ""1%"" غير موجود"
"These arguments can't be empty ""%1""","لا يمكن ترك هذه الصيغ فارغة ""1%"""
Cannot find predefined integration user!,لا يمكن العثور على مستخدم دمج معرف مسبقا!
File is not ready yet.,الملف غير جاهز حتى الآن.
Your Base URL has been changed and your reports are being updated. Advanced Reporting will be available once this change has been processed. Please try again later.,تم تغيير الرابط الأساسي الخاص بك وجاري الآن تحديث تقاريرك. ستتوفر التقارير المتقدمة حين الانتهاء من التغيير. يرجى المحاولة مرة أخرى لاحقاً.
Failed to synchronize data to the Magento Business Intelligence service.,فشلت مزامنة البيانات مع خدمة ماجنتو لذكاء الأعمال.
"<a href=""%1"">Retry Synchronization</a>","<a href=""%1"">إعادة المزامنة</a>"
TestMessage,رسالة تجريبية
Error message,Error message
Apps and Games,تطبيقات وألعاب
Athletic/Sporting Goods,السلع الرياضية
Art and Design,الفن والتصميم
Advanced Reporting,التقارير المتقدمة
"Gain new insights and take command of your business' performance, using our dynamic product, order, and customer reports tailored to your customer data.",اكتسب رؤىً جديدة وتولى قيادة الأداء في أعمالك، باستخدام تقاريرنا الديناميكية للمنتجات والأوامر والزبائن والمصممة لبيانات عملائك.
View details,View details
Go to Advanced Reporting,الانتقال إلى التقارير المتقدمة
An error occurred while subscription process.,An error occurred while subscription process.
Analytics,التحليلات
API,API
Configuration,الضبط
Business Intelligence,ذكاء الأعمال
BI Essentials,أساسيات الذكاء التجاري
"This service provides a dynamic suite of reports with rich insights about your business.
                Your reports can be accessed securely on a personalized dashboard outside of the admin panel by clicking on the
                ""Go to Advanced Reporting"" link. </br> For more information, see our
                <a href=""https://magento.com/legal/terms/privacy"">terms and conditions</a>.","This service provides a dynamic suite of reports with rich insights about your business.
                Your reports can be accessed securely on a personalized dashboard outside of the admin panel by clicking on the
                ""Go to Advanced Reporting"" link. </br> For more information, see our
                <a href=""https://magento.com/legal/terms/privacy"">terms and conditions</a>."
Advanced Reporting Service,خدمة التقارير المتقدمة
Industry,صناعة
Time of day to send data,وقت إرسال البيانات خلال اليوم
<strong>Get more insights from Magento Business Intelligence</strong>,<strong>احصل على المزيد من الرؤى من ماجنتو لذكاء الأعمال</strong>
"Magento Business Intelligence provides you with a simple and clear path to
                    becoming more data driven.</br> Learn more about <a target=""_blank""
                    href=""https://dashboard.rjmetrics.com/v2/magento/signup/"">BI Essentials</a> tier.","Magento Business Intelligence provides you with a simple and clear path to
                    becoming more data driven.</br> Learn more about <a target=""_blank""
                    href=""https://dashboard.rjmetrics.com/v2/magento/signup/"">BI Essentials</a> tier."
Auto Parts,قطع غيار السيارات
"Baby/Children’s Apparel, Gear and Toys",ألعاب وأدوات واكسسوارات الأطفال والمواليد
Beauty and Cosmetics,أدوات التجميل والجمال
"Books, Music and Magazines",الكتب والمجلات والصوتيات
Crafts and Stationery,المشغولات اليدوية والأدوات المكتبية
Consumer Electronics,الأدواتا لكهربائية الإستهلاكية
Deal Site,موقع الصفقة
Fashion Apparel and Accessories,الأزياء والكماليات
"Food, Beverage and Grocery",المأكولات والمشروبات والمواد التموينية
Home Goods and Furniture,الأواني المنزلية والأثاث
Home Improvement,تحسين المنزل
Jewelry and Watches,الساعات والمجوهرات
Mass Merchant,تجارة الجملة
Office Supplies,أدوات مكتبية
Outdoor and Camping Gear,مستلزمات التخييم والرحلات
Pet Goods,مستلزمات تربية الحيوانات
Pharma and Medical Devices,الأدوات الطبية والصيدلية
Technology B2B,التقنية (مورد لمورد)
Analytics Subscription,Analytics Subscription
powered by Magento Business Intelligence,powered by Magento Business Intelligence
Are you sure you want to opt out?,Are you sure you want to opt out?
Cancel,Cancel
Opt out,Opt out
"<p>Advanced Reporting in included,
                    free of charge, in your Magento software. When you opt out, we collect no product, order, and
                    customer data to generate our dynamic reports.</p><p>To opt in later: You can always turn on Advanced
                    Reporting in you Admin Panel.</p>","<p>Advanced Reporting in included,
                    free of charge, in your Magento software. When you opt out, we collect no product, order, and
                    customer data to generate our dynamic reports.</p><p>To opt in later: You can always turn on Advanced
                    Reporting in you Admin Panel.</p>"
"In order to personalize your Advanced Reporting experience, please select your industry.",من أجل تخصيص التقارير المتقدمة الخاصة بك يرجى اختيار مجال تجارتك.
Back,رجوع
Done,انتهى
Retry,إعادة المحاولة
Action Details - #' .,تفاصيل العملية - #' .
"%1 item(s) have been scheduled for update.""","%1 صنف (أصناف) على جدول التحديث."""
Bulk Actions Log,سجل الإجراءات
%1 item(s) are currently being updated.,يجري حاليا تحديث %1 صنف (أصناف).
"Task ""%1"":","المهمة ""%1"":"
%1 item(s) have been scheduled for update.,%1 صنف (أصناف) على جدول التحديث.
%1 item(s) have been successfully updated.,%1 تم تحديث صنف (أصناف).
%1 item(s) failed to update,فشل تحديث %1 صنف (أصناف)
Details,التفاصيل
View Details,عرض التفاصيل
Dismiss,استبعاد
"Pending, in queue...",معلقة، في انتظار...
%1 items selected for mass update,%1 أصناف محددة لتحديث شامل
", %1 successfully updated",تم تحديث %1 بنجاح
", %1 failed to update",لم يتم تحديث %1
Something went wrong.,لقد حدث خطأ ما.
Action Log,سجل الإجراءات
Bulk Actions,مجموعة إجراءات
Days Saved in Log,أيام محفوظة في سجل
Description of Operation,وصف العملية
Summary,ملخص
Start Time,زمن البداية
Items to Retry,أصناف لإعادة المحاولة
"To retry, select the items and click “Retry”.","لإعادة المحاولة، قم بتحديد الأصناف والنقر فوق ""إعادة المحاولة""."
Items That Can’t Be Updated.,الأصناف التي لا يمكن تحديثها.
ID,التعريف
Status,الحاله
Meta Information,المعلومات الوصفية
Error,خطأ
Dismiss All Completed Tasks,إستبعاد جميع المهام المكتملة
Action Details - #,تفاصيل العملية - #
Number of Records Affected,عدد السجلات التي تأثرت
We can't find the role for the user you wanted.,لا يمكننا الوصول للمستخدم الذي طلبته
Something went wrong while compiling a list of allowed resources. You can find out more in the exceptions log.,حدث خطأ أثناء تجميع قائمة من الموارد المسموح بها. يمكنك العثور على مزيد من المعلومات في سجل الاستثناءات.
You created the order.,قمت بإنشاء الطلب.
Order saving error: %1,أمر حفظ الخطأ: %1
Please choose a payment method.,الرجاء اختيار طريقة الدفع.
We can't process your order right now. Please try again later.,لا يمكننا معالجة طلبك الآن. الرجاء المحاولة مرة أخرى لاحقاً.
An error occurred on the server. Please try to place the order again.,حدث خطأ في الخادوم. الرجاء محاولة وضع الطلب مرة أخرى.
Credit Card: xxxx-%1,كارت ائتماني: xxxx-%1
amount %1,%1 كمية
failed.,فشل.
successful.,تم بنجاح.
Authorize.Net Transaction ID %1.,رقم معاملة Authorize.Net %1.
authorize,التصريح
authorize and capture,التحقق و القبض
capture,التقاط
refund,اعادة المبلغ المدفوع
void,الفراغ
Gateway error: %1,خطأ في البوابة: %1
Something went wrong in the payment gateway.,حدث خطأ في بوابة الدفع.
Invalid amount for capture.,المبلغ غير صالح للقبض.
Payment capturing error.,خطأ في قبض الدفعة.
Invalid transaction ID.,رمز تعريف عملية الدفع غير موجود.
Payment voiding error.,خطأ في الغاء الدفعة.
Invalid amount for refund.,المبلغ غير قابل لاسترداده.
Payment refunding error.,خطأ في استرداد المبلغ.
The transaction was declined because the response hash validation failed.,تم رفض عملية الدفع نظراً لفشل التحقق من تجزئة الاستجابة.
This payment didn't work out because we can't find this order.,عملية الدفع لم تنجح لاننا لم نستطع ايجاد هذا الطلب.
There was a payment authorization error.,خطأ في إذن الدفع.
Please enter a transaction ID to authorize this payment.,الرجاء إدخال رمز التعريف الخاص بعملية الدفع للسماح باتمام العملية.
Something went wrong: the paid amount doesn't match the order amount. Please correct this and try again.,حدث خطأ: المبلغ المدفوع لا يتطابق مع كمية الطلبية. الرجاء تصحيح هذه المشكلة ثم حاول مرة أخرى.
"Transaction %1 has been approved. Amount %2. Transaction status is ""%3""","تم الموافقة على العملية  %1.القيمة %2. حالة العملية هي ""%3"""
"Transaction %1 has been voided/declined. Transaction status is ""%2"". Amount %3.","تم رفض العملية %1.الحالة هي ""%2"".القيمة هي %3."
Authorize Only,المصرح فقط
Authorize and Capture,التحقق و القبض
Unable to get transaction details. Try again later.,غير قادر على الحصول على تفاصيل الصفقة. حاول مرة أخرى لاحقاً.
Electronic payments save the trees.,المدفوعات الإلكترونية صديقة للبيئة.
Credit Card Type,نوع بطاقة الائتمان
Please Select,أختر من فضلك
Credit Card Number,رقم بطاقة الائتمان
Expiration Date,تاريخ الانتهاء
Card Verification Number,رقم التحقق من البطاقة
Fraud Detection,الكشف عن حالات الغش
FDS Filter Action,إجراء تصفية FDS
AVS Response,رد AVS
Card Code Response,استجابة شفرة البطاقة
CAVV Response,استجابة CAVV
Fraud Filters,مانع الاحتيال.
Place Order,إنشاء الطلب
"Sorry, but something went wrong. Please contact the seller.",آسف، ولكن حدث شيء خاطئ خاطئ. الرجاء الاتصال بالبائع.
Authorize.net Direct Post,نشر مباشر Authorize.net
Enabled,تفعيل
Payment Action,إجراءات الدفع
Title,العنوان
API Login ID,API اسم المستخدم
Transaction Key,مفتاح عملية الدفع
Merchant MD5,تاجر MD5
New Order Status,حالة طلب جديدة
Test Mode,وضع الاختبار
Gateway URL,رابط البوابة
Transaction Details URL,رابط تفاصيل عملية الدفع
Accepted Currency,العملات المقبولة
Debug,تنقيح
Email Customer,البريد الإلكتروني للعميل
Merchant's Email,البريد الإلكتروني للتاجر
Credit Card Types,أنواع بطاقة الائتمان
Credit Card Verification,التحقق من البطاقة الائتمانية
Payment from Applicable Countries,الدفع من البلدان المطبقة
Payment from Specific Countries,الدفع من بلدان معينة
Minimum Order Total,إجمالي الحد الأدنى للطلب
Maximum Order Total,إجمالي الحد الأعلى للطلب
Sort Order,ترتيب الطلبات
Close,إغلاق
options,الخيارات
Select all,إختيار الكل
Deselect all,إزالة كل الإختيارات
Cancel,إلغاء
Done,انتهى
Please Select,الرجاء الإختيار
%s of %s selected,تم تحديد %s من %s
B2B Features,ميزات B2B
Invalid Form Key. Please refresh the page.,مفتاح النموذج غير صالح. الرجاء اعادة تنشيط الصفحة.
You entered an invalid Secret Key. Please refresh the page.,"قمت بإدخال ""مفتاح سر"" غيرصالح. الرجاء تحديث الصفحة."
Cache Storage Management,إدارة التخزين المؤقت
Flush Magento Cache,مسح ذاكرة التخزين المؤقت لماجنتو
The cache storage may contain additional data. Are you sure that you want to flush it?,ذاكرة التخزين المؤقت قد تحتوي على بيانات إضافية. هل أنت متأكد من أنك تريد مسحها؟
Flush Cache Storage,مسح ذاكرة التخزين المؤقت
Invalidated,إلغاء الصلاحية
Orders,طلبات الشراء
Amounts,المبالغ
Bestsellers,الأكثر مبيعاً
Most Viewed Products,المنتجات الأكثر مشاهدة
New Customers,عضو جديد
Customers,العملاء
Customer,العميل
Guest,زائر
Items,المنتجات
Total,الإجمالي
Lifetime Sales,مبيعات مدى الحياة
Average Order,متوسط الطلبات
Average,المتوسط
Product,المنتج
Price,السعر
Quantity,الكمية
Views,عدد المشاهدات
Revenue,الإيرادات
Tax,الضريبة
Shipping,الشحن
"Images (.gif, .jpg, .png)","الصور (.gif,.jpg,.png)"
"Media (.avi, .flv, .swf)","الوسائط (.avi, .flv, .swf)"
All Files,كل الملفات
Reset to Default,إعادة ضبط للإعدادات الإفتراضية
All Store Views,واجهه جميع المواقع
What is this?,ما هذا؟
Save Account,حفظ الحساب
My Account,حسابي
Account Information,معلومات الحساب
User Name,اسم المستخدم
First Name,الإسم الأول
Last Name,اسم العائلة
Email,البريد الإلكتروني
User Email,البريد الإلكتروني للمستخدم
New Password,كلمة المرور الجديدة
Password Confirmation,تأكيد كلمة المرور
Interface Locale,لغة الواجهة
Current User Identity Verification,التحقق من هوية المستخدم الحالية
Your Password,كلمة المرور الخاصة بك
Save Cache Settings,حفظ إعدادات الذاكرة المؤقتة
Catalog Rewrites,Rewrites دليل المنتجات
Refresh,التحديث
Images Cache,ذاكرة التخزين المؤقت للصور
Clear,مسح
Search Index,فهرس البحث
Rebuild,إعادة بناء
Inventory Stock Status,حالة جرد المخزون
Rebuild Catalog Index,إعادة إنشاء فهرس دليل المنتجات
Rebuild Flat Catalog Category,إعادة إنشاء flat category لدليل المنتجات
Rebuild Flat Catalog Product,إعادة بناء  Flat Catalog Product
Cache Control,التحكم في التخزين المؤقت
All Cache,ذاكرة التخزين المؤقت
No change,لا يوجد تغيير
Disable,إبطال
Enable,تفعيل
Add Design Change,إضافة تغيير التصميم
Back,رجوع
Delete,احذف
Are you sure?,هل أنت متأكد؟
Save,حفظ
Edit Design Change,تعديل تغيير التصميم
New Store Design Change,تغيير تصميم المتجر الجديد
General Settings,إعدادات عامة
Store,متجر
-- Please Select --,--الرجاء الاختيار-
Custom Design,تصميم مخصص
Date From,التاريخ من
Date To,التاريخ إلى
Design Change,تغيير التصميم
General,عام
Cancel,إلغاء
Delete %1 '%2',حذف %1 '%2'
Delete %1,حذف %1
Block Information,اغلاق المعلومات
Backup Options,خيارات النسخ الاحتياطي
Create DB Backup,إنشاء نسخة احتياطية لقاعدة البيانات
Yes,نعم
No,لا
Delete Store,حذف متجر
Delete Web Site,حذف موقع الويب
Save Web Site,حفظ موقع الويب
Save Store,حفظ المتجر
Save Store View,حفظ عرض المتجر
Delete Store View,حذف عرض متجر
Edit Web Site,تعديل موقع الويب
New Web Site,موقع ويب جديد
Edit Store,تعديل متجر
New Store,متجر جديد
Edit Store View,تعديل عرض المتجر
New Store View,عرض متجر جديد
Store Information,بيانات المتجر
Web Site,موقع
Name,اسم
Code,كود
Root Category,التصنيف الجذر
Default Store View,عرض المتجر الافتراضي
Store View Information,بيانات عرض المتجر
Status,الحاله
Disabled,غير مفعل
Enabled,تفعيل
Sort Order,الترتيب
Web Site Information,بيانات الموقع
Default Store,المتجر الافتراضي
Set as Default,تعيين كافتراضي
Stores,المتاجر
Create Website,إنشاء موقع
Create Store,إنشاء متجر
Create Store View,إنشاء عرض متجر
Home,الصفحة الرئيسية
Reset,اعادة ضبط
Are you sure you want to do this?,هل أنت متأكد أنك تريد فعل ذلك؟
Add New Image,اضف صورة جديدة
Export block for grid %1 is not defined,تصدير قائمة للشبكة %1 غير معرف
Reset Filter,ترشيح اعادة تعين
Search,بحث
Any,اي
All Countries,جميع الدول
From,من
To,إلى
Date selector,اختيار التاريخ
[ deleted ],[محذوف]
Select All,اختيار الكل
[deleted],[محذوف]
We couldn't find any records.,لم يتم العثور على أي سجلات.
Add New,إضافة جديد
Invalid export type supplied for grid export block,Invalid export type supplied for grid export block
Export,استخراج
Please correct the column format and try again.,الرجاء تصحيح تنسيق العمود وحاول مرة أخرى.
Please select items.,يرجى تحديد الأصناف.
Submit,إرسال
Unknown block type,نوع block غير معروف
Please correct the tab configuration and try again. Tab Id should be not empty,الرجاء تصحيح اعدادات التبويب ثم حاول مرة أخرى. يجب أن يكون معرف علامة التبويب غير فارغ
Please correct the tab configuration and try again.,الرجاء تصحيح ضبط التبويب ثم حاول مرة أخرى.
You have logged out.,لقد سجلت خروجك.
Specified cache type(s) don't exist: %1,نوع ذاكرة التخزين المحددة غير موجودة: %1
The image cache was cleaned.,تم مسح ذاكرة تخزين الصور.
An error occurred while clearing the image cache.,حدث خطأ أثناء مسح ذاكرة تخزين الصور.
The JavaScript/CSS cache has been cleaned.,تم تنظيف ذاكرة تخزين JavaScript/CSS
An error occurred while clearing the JavaScript/CSS cache.,حدث خطأ أثناء مسح ذاكرة التخزين الخاصة ب JavaScript/CSS
The static files cache has been cleaned.,وقد تم تنظيف ذاكرة التخزين الخاصة بالملفات الثابتة.
You flushed the cache storage.,لقد تم مسح محتويات ذاكرة التخزين المؤقت.
The Magento cache storage has been flushed.,تم مسح محتويات ذاكرة التخزين المؤقت الخاصة بماجنتو.
Cache Management,إدارة ذاكرة التخزين المؤقت
You can't change status of cache type(s) in production mode,لا يمكنك تغيير حالة نوع (أنواع) ذاكرة التخزين المؤقت في وضع الإنتاج
%1 cache type(s) disabled.,%1 نوع ذاكرة التخزين المؤقت معطل.
An error occurred while disabling cache.,حدث خطأ أثناء تفعيل ذاكرة التخزين المؤقت.
%1 cache type(s) enabled.,%1 من انواع ذاكرة التخزين المؤقتة مفعلة
An error occurred while enabling cache.,حدث خطأ أثناء تفعيل ذاكرة التخزين المؤقت.
%1 cache type(s) refreshed.,لقد نم تفعيل انواع ذاكرة التخزين المؤقت %1
An error occurred while refreshing cache.,حدث خطأ أثناء تحديث ذاكرة التخزين المؤقت.
Dashboard,لوحة التحكم
We updated lifetime statistic.,قمنا بتحديث احصائيات مدى الحياة.
We can't refresh lifetime statistics.,ونحن لا يمكن تحديث احصاءات مدى الحياة.
invalid request,طلب غير صالح
see error log for details,راجع سجل الأخطاء للحصول على التفاصيل
Service unavailable: %1,الخدمة غير متاحة: %1
Error,خطأ
Access Denied.,دخول مرفوض.
You need more permissions to do this.,تحتاج لصلاحية اكبر للقيام بذلك
No search modules were registered,لم يتم تسجيل أية وحدات بحث
Please make sure that all global admin search modules are installed and activated.,يرجى التأكد من ان جميع وحدات البحث العالمية الادارة مثبته ومفعله.
You saved the account.,قمت بحفظ الحساب.
An error occurred while saving account.,حدث خطأ أثناء حفظ حساب.
You deleted the design change.,قمت بحذف تغيير التصميم.
You can't delete the design change.,لا يمكنك حذف تغيير التصميم.
Store Design,تصميم المتجر
Edit Store Design Change,تعديل تغيير تصميم المتجر
You saved the design change.,قمت بحفظ تغيير التصميم.
System,النظام
Manage Stores,إدارة المتاجر
The database was backed up.,تم اعداد نسخ احتياطي لقاعدة البيانات.
We can't create a backup right now. Please try again later.,لم نتمكن من انشاء نسخة احتياطية. حاول مرة اخرى.
"Deleting a %1 will not delete the information associated with the %1 (e.g. categories, products, etc.), but the %1 will not be able to be restored. It is suggested that you create a database backup before deleting the %1.",حذف %1 لن يحذف المعلوات المرتبطة بـ %1 (مثل التصنيف، المنتجات، الخ)، لكن لن يمكن استعادة %1. يقترح إنشاء نسخة إحتياطية من قواعد البيانات قبل حذف %1.
Something went wrong. Please try again.,حدث خطأ ما. الرجاء المحاولة مرة أخرى.
This store cannot be deleted.,لا يمكن حذف هذا المتجر.
You deleted the store.,لقد حذفت المتجر.
Unable to delete the store. Please try again later.,غير قادر على حذف المتجر. من فضلك، حاول مرة أخرى لاحقاً.
This store view cannot be deleted.,لا يمكن حذف عرض المتجر هذا.
Store View,عرض المتجر
You deleted the store view.,تم حذف واجهة المتجر.
Unable to delete the store view. Please try again later.,غير قادر على حذف واجهة المتجر. من فضلك، حاول مرة أخرى لاحقاً.
This website cannot be deleted.,لا يمكن حذف هذا الموقع.
You deleted the website.,لقد حذفت الموقع.
Unable to delete the website. Please try again later.,غير قادر على حذف الموقع. من فضلك، حاول مرة أخرى لاحقاً.
The website does not exist.,الموقع غير موجود.
Before modifying the website code please make sure it is not used in index.php.,قبل تعديل رمز الموقع يرجى التأكد من أنها لا تستخدم في index.php.
The store does not exist,المتجر غير موجود
Store view doesn't exist,عرض المتجر غير موجود
Before modifying the store view code please make sure it is not used in index.php.,قبل تعديل رمز عرض المتجر يرجى التأكد من أنها لا تستخدم في index.php.
New,جديد
All Stores,جميع المتاجر
You saved the website.,قمت بحفظ موقع شبكة الإنترنت.
The default store cannot be disabled,لا يمكن تعطيل المتجر الافتراضي
You saved the store view.,لقد حفظت واجهة المتجر.
An inactive store view cannot be saved as default store view,لا يمكن حفظ واجهة متجر غير نشط كواجهة افتراضية
You saved the store.,قمت بحفظ المتجر.
Something went wrong while saving. Please review the error log.,حدث خطأ أثناء الحفظ. الرجاء مراجعة سجل الأخطاء.
Last 24 Hours,ال 24 ساعة الماضية
Last 7 Days,آخر 7 أيام
Current Month,الشهر الحالي
YTD,منذ سنة
2YTD,منذ سنتين
Authentication storage is incorrect.,مصادقة التخزين غير صحيحة.
You did not sign in correctly or your account is temporarily disabled.,لم تقم بتسجيل الدخول بشكل صحيح أو أن حسابك معطل مؤقتاً.
Authentication error occurred.,حدث خطأ مصادقة.
Admin session lifetime must be less than or equal to 31536000 seconds (one year),جلسة المدير يجب أن تكون أقل من أو يساوي إلى 31536000 ثانية (سنة واحدة)
Admin session lifetime must be greater than or equal to 60 seconds,جلسة المدير يجب أن تكون أكبر من أو تساوي 60 ثانية
Order,طلب
Order #%1,رقم الطلب #%1
You need more permissions to access this.,تحتاج لمزيد من الصلاحيات للوصول إلى هذا.
"Sorry, you need permissions to view this content.",عذرا، أنت بحاجة إلى أذونات لعرض هذا المحتوى.
Next steps,الخطوات التالية
"If you think this is an error, try signing out and signing in again.",إذا كنت تعتقد أن هذا خطأ، فجرب الخروج وتسجيل الدخول مرة أخرى.
Contact a system administrator or store owner to gain permissions.,اتصل بمسؤول النظام أو صاحب المتجر للحصول على الأذونات.
Return to,Return to
previous page,الصفحة السابقة
"Welcome, please sign in",مرحبا، الرجاء تسجيل الدخول
Username,اسم المستخدم
user name,اسم المستخدم
Password,كلمة المرور
password,كلمة المرور
Sign in,دخول
Select Range:,حدد نطاق:
No Data Found,لم يتم العثور على بيانات
"Chart is disabled. To enable the chart, click <a href=""%1"">here</a>.","تم تعطيل المخطط. لتمكين المخطط، انقر <a href=""%1""> هنا</a>."
Last Orders,آخر الطلبات
Last Search Terms,كلمات البحث الأخيرة
Top Search Terms,أعلى كلمات البحث
1 days ago,1 يوم
2 days ago,2 يوم
3 days ago,3 يوم
4 days ago,4 يوم
5 days ago,5 يوم
6 days ago,6 يوم
7 days ago,7 يوم
8 days ago,8 يوم
9 days ago,9 يوم
10 days ago,10 يوم
11 days ago,11 يوم
12 days ago,12 يوم
13 days ago,13 يوم
14 days ago,14 يوم
15 days ago,15 يوم
16 days ago,16 يوم
17 days ago,17 يوم
18 days ago,18 يوم
19 days ago,19 يوم
Select Make,اختر النوع
Select Model,اختر الموديل
Select Year,اختر السنة
Make,النوع
Model,الموديل
Year,السنة
Ford,فورد
CHEVY,شيفروليه
Chevy,شيفرولية‎‎ه
GMC,جي ام سي
Jeep,جيب
Silverado 1500,سيلفرادو 1500
Wrangler JK 2-Door,رانجلر بابين
Wrangler Unlimited JK 4-Door,رانجلر أربع أبواب
SVT Raptor,رابتر
Sierra 1500,سييرا 1500
Products for,المنتجات لل
Select Vehicles,المركبات السابقة
Clear selected vehicle,الغاء السيارة المختارة
or previously selected vehicles,مركبات تم اختيارها سابقاً
Toyota,تويوتا
FJ Cruiser,اف جي كروزر
Send password,إرسال كلمة المرور
Return to login,العودة إلى تسجيل الدخول
E-mail,البريد الإلكتروني
Please enter a username and password.,يرجى إدخال اسم المستخدم و كلمة المرور
Your inquiry was submitted and will be responded to as soon as possible. Thank you for contacting us.,قدم استفسارك و سوف يتم الرد ل في أقرب وقت ممكن . أشكركم على الاتصال بنا
in your cart.,في عربة التسوق
Added to your cart,اضيف الى عربة التسوق
items,سلع
item,سلعة
"Sorry, no products match your search query.",آسف ، لا توجد منتجات تطابق بحثك
Filter By,تصفية حسب
Tracking Orders,تتبع الطلبيات
Special Offers!,عروض خاصة
My Account,حسابي
Brands,العلامات التجارية
Search Store,ابحث هنا‎‎
Subtotal,االمجموع الفرعي
Your email address,عنوان بريدك الإلكتروني
(Signout),تسجيل خروج‎
Sign Out,تسجيل خروج‎
Signout,تسجيل خروج
"For customers located out of delivery service areas, please call or choose 'Warehouse Pick-up' as your shipping option (Located in Dubai Industrial City)","لسكان المناطق الموجودة خارج نطاق خدمة شركة التوصيل، يرجى الاتصال بنا أو اختيار خدمة استلام الطلب من المستودع"" بمدينة دبي الصناعية"""
Your order has been received.,تم استلام طلبك
Your order # is:,رقم طلبك هو
You are now logged out,لقد قمت بتسجيل خروج
You have logged out and will be redirected to our homepage in 5 seconds.,سيتم توجيهك الآن إلى الصفحة الرئيسية
Your order has been received.,لقد تم استلام طلبك.
You will receive an order confirmation email with the details of your order and a link to track its progress.,سوف تتلقى رسالة بالبريد الإلكتروني تتضمن تفاصيل طلبك.
a copy of your order confirmation,نسخة من تأكيد طلبك
here to print,هنا للطباعة
Notify me by email,اخطارك بالبريد الالكتروني
Click,انقر
a copy of your order confirmation,نسخة من تأكيد طلبك
Please wait while your payment is being processed...,يرجى الانتظار بينما يتم معالجة الدفع الخاص بك ...
Maximum 'Cash On Delivery' amount is AED2500 per shipment.,الحد الأقصي للدفع عند التوصيل هو ٢٥٠٠درهم لكل شحنه.
2014 تشيفي سيلفرادو 1500,2014 شيفرولية سيلفرادو 1500‎
Chevy Silverado,سيلفرادو شيفرولية
Customers also bought,زبائننا اشتروا أيضا
Related Products,منتجات ذات صلة
Q,السؤال
Ok,حسناً
OK,حسناً
Wrong captcha code!,كود الكابتشا غير صحيح!
Your question has been added,تمت إضافة سؤالك
Your question has been sent for moderation,تم إرسال سؤالك إلى الاعتدال
Wrong captcha code!,عذرا، لم تقم بإدخال كود الحماية المبين في الصورة بشكل صحيح، يرجى إعادة المحاولة
A,الجواب
Name,اسمك
Sign Up for Newsletter,الاشتراك في النشرة البريدية
"Please, enter the text shown in the image into the field below",ادخل من فضلك النص المبين أدناه في حقل كود الحماية
Add Question,ارسل السؤال
"Please, enter email...",يرجى ادخال بريدك الإلكتروني
Check if you want to subscribe to our newsletter,يرجى الاختيار في حال رغبتك بالاشتراك في خدمتنا البريدية
SKU,رقم المنتج
New Bedrug Products,منتجات بيد راق الجديدة
Items Ordered,المنتجات التي تم طلبها
Ordered:,العدد
SRC Tubular Doors,أبواب سميتي بيلت الرياضية
New - VisionX Vortex,جديد - فيجين اكس
Trail Doors,أبواب رياضية
Apply Coupon,استخدم الكوبون
Coupon Testing,اختبار القسيمة
Coupon code was applied,‫تم استخدام كود الكوبون‬‎
Coupon code was canceled,‫تم الغاء كود الكوبون‬‎
"Coupon code %s"" is not valid""","كوبون الخصم الذي ادخلته غي ر صحيح %s"""""
Special Offer,عرض خاص
"Coupon code ""%s"" was applied.","تم تفعيل ""%s"" كوبون الخصم"
Coupon code was canceled.,تم إلغاء كوبون الخصم
50 inch Light Bar Mount,قاعدة كشاف 50 انش
TUNDRA,تندرا
RAM,رام
FJ,‫اف جيه‬
Tundra,تندرا
Ram,رام
Dodge Ram,دوج رام
Ram 1500,رام 1500‬‎
PRE ORDER,الحجز المسبق
Nissan,نيسان‬
Patrol 400HP,باترول 400 حصان
METHOD WHEELS,عجلات ميثود
Now Available (Exclusive),متوفر الآن - حصرياً
Supercharger,‫سوبرجارج‬
Patrol,باترول
Nissan Air Intake,فلتر رياضي للنيسان‎
Exhaust System,العادم الخلفي
Sprint Booster,سبرينت بوستر
LIFT KIT,نظام رفع المركبة
J.W. Speaker,جيه دبليو سبيكر
PREDATOR WHEELS,عجلات بريداتور
Now Available,متوفر الآن
Ramadan Offers,عروض رمضان
Eid Mubarak,عيد مبارك
Exclusive,حصرياً
LAND CRUISER,لاند كروزر
Land Cruiser,لاند كروزر
Available,متوفر
Sale,تنزيلات‎‎
RAMADAN OFFER,عرض رمضان
SELECT YOUR VEHICLE,اختر سيارتك
Recent Vehicle,سيارة حديثة
SPECIAL OFFERS!,عروض خاصة
FREE SHIPPING,شحن مجاني
Minimum purchase 200 AED for free shipping,الحد الأدنى للشراء 200 درهم للشحن المجاني
WE STOCK LOCALLY,نخزن محليا
"All products available in our warehouse, no back orders",كل السلع المعروضة في الموقع موجودة في مستودعاتنا
SECURE PAYMENTS,دفع آمن
The highest standards in online payment security,أعلى المعايير في أمن الدفع عبر الإنترنت
GIFT COUPON,قسيمة هدية
These are few features why our portal is the best,هذه بعض الميزات التي تجعل موقعنا الأفضل
POPULAR BRANDS,أشهر الماركات/ العلامات التجارية
View All,عرض الكل
MODELS,الموديل
SHOP BY CATEGORY,تسوق حسب الاقسام
NEW,جديد
DEAL,صفقة
GREAT DEALS,صفقات كبيرة
SPECIAL OFFERS,عروض خاصة
view all offers,عرض جميع العروض
NEW ARRIVALS,وصل حديثا
OUR BEST SELLERS,الاكثر مبيعا
Shop popular stuff for all,اشترالسلع الاكتر تداولا
shop now,اشتر الآن
OUR COMBO PRODUCTS,أطقم
View our products,عرض منتجاتنا
view products,عرض المنتجات
SIGN UP FOR OUR NEWSLETTER:,سجل للحصول على آخر العروض
We will sent you only important updates upon products you may like,سوف نرسل لك فقط التحديثات الهامة على المنتجات التي قد ترغب بها
SUBSCRIBE,الاشتراك
CATEGORIES,الاقسام
CopyrightÂ© 2018. argoob.com. All Rights Reserved.,جميع الحقوق محفوظة
MY ACCOUNT,حسابي
Cart,عربة التسوق
Checkout,إنهاء عملية الشّراء
My Profile,ملفي
My History,السجل
Payments,الدفعات
ARGOOB,عرقوب
About Us,من نحن
Contact Us,اتصل بنا
FAQ,منتدى الاسئلة و الاجوبة
Affiliate,انضم
Terms & Condition,الشروط والأحكام
Return Policy,سياسة الاسترجاع
CATEGORIES,الاقسام
Performance Parts,قطع رفع الاداء
Suspension Parts,نظام التعليق
Exterior Accessories,الاكسسوارات الخارجية
Interior Accessories,الاضافات الداخلية
Lighting & Mounts,الكشافات و مستلزماتها
SUPPORT,الدعم
Need Help?,تحتاج مساعدة؟
Our representatve will answer you 24x7,سوف يجيبك مندوبنا على مدار 24 ساعة طوال أيام الأسبوع
Other Contacts,اتصالات أخرى
ABOUT ARGOOB,عن عرقوب
"Argoob.com is a member of the Europetro group of companies focused in E- marketing of specialized accessories for off road vehicles. We carry the best Brands that the international market has to offer at the most reasonable prices & prompt deliveries to our valued customers. We buy in bulk & take care of the shipping,,customs & storage. In short the best is available to you just a click away. We strive to cater to most of your requirements. If you find us as per your expectations or beyond it please do tell your friends & relatives & if you donâ€™t please tell us. We would really appreciate your constructive feedback. In fact as you are an integral part of our business family we will give away a small reward to anybody whose suggestion is meaningful to improve our services to you. Lastly Argoob is a term coined by the Bedouinâ€™s who still traverse the vast expanse of our sands with the original 4 wheel drive â€“ the mighty & resourceful camel. Argoob literally means really high sand dunes.",متجر عرقوب للتسوق الإلكتروني موقع متخصص للبيع بالتجزئة على الإنترنت، وهو فرع من مجموعة شركات يوروبترو و نسعى لأن نكون المتجر الرائد في مجال بيع كماليات سيارات الدفع الرباعي بالتجزئة من خلال الإنترنت على المستوي الإقليمي ، وهدفنا أن نقدم لعملائنا أفضل المنتجات مع أفضل الخدمات بأفضل الأسعار، و توفير مستوى عالٍ من خدمة العملاء التي تستحقها، مقر المتجر هو إمارة دبي بدولة الإمارات العربية المتحدة ، جميع المنتجات المعروضة على المتجر متوفرة في مخزن المتجر بإمارة دبي مما يوفّر عليك الوقت في الحصول على المنتج بسرعة ويوفّر عليك تكاليف الشحن الدولية و بعض المشاكل الجمركية، وما يميز المتجر أنه مبني على أساس خاص بالتسوق الإلكتروني العالمي عن طريق الإنترنت فلن تجد أي صعوبة في استخدامه حتى أنك تستطيع الشراء دون الحاجة للتسجيل وبسرعة قصوى،أنت في المتجر تتعامل مع وجهة واحدة متكاملة، ونسعى لتوفير منتجات جديدة بصفة مستمرة ، إذا كنت تبحث عن منتج معين لم تجده هنا يرجى التواصل معنا و سوف نسعي لتوفيره لك أو حتى إضافته إلى متجرنا بشكل دائم، نأمل أن تكون زيارتك لنا تجربة ممتعة وسوف نكون سعداء لتلقي تعليقاتك و مقترحاتك االتي نحفها بالترحيب و نوليها كل إهتمام ، إذا وجدت الفائدة من متجرنا فلا تنسى أن تخبر أقربائك وأصدقائك عنا، ولا تنسى إضافتنا إلى قائمة المفضلة لديك.
Be the first to review this product,كن أول من يراجع هذا المنتج
SKU,رقم السلعة
In Stock,متوفر بالمخزون
VEHICLE FITMENT,متوافق مع المركبات
Select A Compatible Vehicle,اختر السيارة المناسبة
ADD TO CART,اضافة الى السلة
Home,الصفحة الرئيسية
Shopping Cart,عربة التسوق
ITEM,المنتج
PRICE,السعر
Excl .Tax,غير شامل الضريبة
QTY,الكمّية
SUB TOTAL,المجموع الأصلي
CONTINUE SHOPPING,مواصلة التسوق
CLEAR SHOPPING CART,الغاء السلّة
UPDATE SHOPPING CART,تحديث عربة التسوق
PROCEED TO CHECKOUT,المواصلة لإنهاء الشراء
Spend AED 200 or more and get free shipping,"اشتري بقيمة 200 درهم, و احصل على شحن مجاني"
Summary,ملخّص
Credit Memo #%s created,مذكرة الائتمانية  #%s انشاءة
Credit Memo History,تاريخ المذكرة الائتمانية
Credit Card Number,رقم كارت الائتماني
Can't delete design change,لا يمكن حذف تغيرات التصميم
Credit Memo #%s comment added,مذكرة ائتمانية  #%s اضافة تعليق
The customer doesn't exist in the system anymore,المستخدم لا يدخل الى النظام بعد الان
Credit Card Number: xxxx-%s,رقم كارت الائتماني: xxxx-%s
Please select a category,رجاء اختار الفئة
Added to your shopping cart,يضاف إلى عربة التسوق الخاصة بك
Payment canceled by customer,دفع ألغى من قبل العميل
AED ,درهم‏
items ,درهم
You have no items in your shopping cart.,لا يوجد لديك أي سلع في عربة التسوق.
Click here to continue shopping.,انقر هنا لمتابعة التسوق.
Forgot Your Password,هل نسيت كلمة المرور
Please enter your email address below to receive a password reset link.,يرجى إدخال عنوان بريدك الإلكتروني أدناه لتلقي رابط إعادة تعيين كلمة المرور.
Please type the letters and numbers below,يرجى كتابة الحروف والأرقام أدناه
Reset My Password,إعادة تعيين كلمة المرور الخاصة بي
Go back,عد
Customer Login,تسجيل دخول العميل
Registered Customers,عملاء مسجلون
If you have an account, sign in with your email address.,إذا كنت تمتلك حسابا معنا، من فضلك قم بتسجيل الدخول.
* Required Fields,الحقول المطلوبة
Creating an account has many benefits: check out faster, keep more than one address, track orders and more.,عن طريق انشاء حساب مع شركائنا في المتجر ، سوف تكون قادرة على التحرك من خلال عملية الخروج بشكل اسرع ، وتخزين متعددة تتناول النقل البحري ، وبالنظر الى المسار الاوامر الخاصة بك في حسابك وأكثر.
Create an Account,إنشاء حساب
Sign In,تسجيل الدخول
Create New Customer Account,إنشاء حساب
Personal Information,بيانات شخصية
Sign-in Information,بيانات تسجيل الدخول
Back In Stock,مرة أخرى في الأوراق المالية
items,سلعة
POPULAR,جمع
  